average_crossings,average_collinearities
46080.00000000001,211.19999999999993