average_crossings,average_collinearities
44035.199999999975,1065.6000000000006